{"cameraMode":{"drawMode":0,"name":"Shaded","section":"Shading Mode"},"sceneLighting":false,"audioPlay":false,"sceneViewState":{"m_AlwaysRefresh":false,"showFog":true,"showSkybox":false,"showFlares":true,"showImageEffects":true,"showParticleSystems":true,"showVisualEffectGraphs":true,"m_FxEnabled":true},"in2DMode":false,"pivot":{"x":-4.9337897300720219,"y":0.9750004410743713,"z":-5.659765243530273},"rotation":{"x":0.16321006417274476,"y":-0.5919538736343384,"z":0.12394262105226517,"w":0.7794833779335022},"size":1.1821244955062867,"orthographic":false}