{"cameraMode":{"drawMode":0,"name":"Shaded","section":"Shading Mode"},"sceneLighting":false,"audioPlay":false,"sceneViewState":{"m_AlwaysRefresh":false,"showFog":true,"showSkybox":false,"showFlares":true,"showImageEffects":true,"showParticleSystems":true,"showVisualEffectGraphs":true,"m_FxEnabled":true},"in2DMode":false,"pivot":{"x":-0.02216707170009613,"y":0.3041822910308838,"z":-0.004267945885658264},"rotation":{"x":0.005454600788652897,"y":0.9935047030448914,"z":-0.10018579661846161,"w":0.05370408669114113},"size":0.40534114837646487,"orthographic":false}