{"cameraMode":{"drawMode":0,"name":"Shaded","section":"Shading Mode"},"sceneLighting":true,"audioPlay":false,"sceneViewState":{"m_AlwaysRefresh":false,"showFog":true,"showSkybox":true,"showFlares":true,"showImageEffects":true,"showParticleSystems":true,"showVisualEffectGraphs":true,"m_FxEnabled":true},"in2DMode":false,"pivot":{"x":-1.2532861232757569,"y":7.7693939208984379,"z":-10.222845077514649},"rotation":{"x":0.16425453126430512,"y":0.00473076943308115,"z":-0.0007482637884095311,"w":0.9864050149917603},"size":0.6520878672599793,"orthographic":false}