{"cameraMode":{"drawMode":0,"name":"Shaded","section":"Shading Mode"},"sceneLighting":true,"audioPlay":false,"sceneViewState":{"m_AlwaysRefresh":false,"showFog":true,"showSkybox":true,"showFlares":true,"showImageEffects":true,"showParticleSystems":true,"showVisualEffectGraphs":true,"m_FxEnabled":true},"in2DMode":false,"pivot":{"x":-0.5221977233886719,"y":49.156394958496097,"z":23.634923934936525},"rotation":{"x":-0.05582428723573685,"y":0.13941851258277894,"z":-0.007854209281504155,"w":-0.9886524677276611},"size":20.062969207763673,"orthographic":false}