{"cameraMode":{"drawMode":0,"name":"Shaded","section":"Shading Mode"},"sceneLighting":false,"audioPlay":false,"sceneViewState":{"m_AlwaysRefresh":false,"showFog":true,"showSkybox":false,"showFlares":true,"showImageEffects":true,"showParticleSystems":true,"showVisualEffectGraphs":true,"m_FxEnabled":true},"in2DMode":false,"pivot":{"x":-0.029424026608467103,"y":0.4037639796733856,"z":-0.005665183067321777},"rotation":{"x":0.08082027733325958,"y":0.9086523056030273,"z":-0.207956925034523,"w":0.3529541492462158},"size":0.5380397439002991,"orthographic":false}